rt_name,sequence,active,pe_efficiency_pct,rt_family,protein_length_aa
A.platensis-Cas1-RT,GDALLAAWYQVRTRSKTAGIDGISVELFAHFLDEELKRLAHQLQQDIYHPLPALGFYRAKKSGGHRLIGIPTVRDRIVQRLLLRSLYPALEETFQDCSFAYRPGVGVKHAIERVAEVYSSQTWTVKADISQFFDSLCRTLLLSQLEELSVDQTVVRYIKGQLEAGIVVGGMPILSGRGVLQGGILSGALANLYLSEFDRRCLNAGASLTRYGDDFVIVARSLLEATRFLNLIEDWLSDIYLTLQPEKTHIFAPGEEFVFLGYGFQAGEIITPEYKQPR,0,0.0,CRISPR-associated,278
CRISPRRT2-RT,ISSQFIDINNFQRAWEKVADKRGCAGVDGETISSFASNQTVNVYQLMNSVADGSYQPFPCKQVIIPKRNGSQRELKIPTIRDRIVQQALLNVISPLMEEKFSPVSFAYRPNLSYINAVEKIADWRDMGYVWVLDADIVKFFDNIDHHRLLQQVRLHIDHPGILCLIKAWISVGVETREGLILPQKGIPQGAVISPILANIYLHEFDEIISASDLEIVRYADDFLVLSTSQERIAIAKSQVIDLLDSLGLEINTDKTQITSFERGFRFLGHGFLSDAIFPVDTNKAKLKSGIETNREKTRTRKTSKKKLYHNPYRNKKVV,0,0.0,CRISPR-associated,319
FuRT-Cas1-RT,HVSELEKYWRMNHDQIISDLKNQEYQPGIILIREHMNKTGKRRNIASLNVIDRFITRLLSQKLNRYLAPIFCENSYAYQDSKGVMPAVLKAKEYVELGMRHVIEIDLKNYFDTIPLENLIPEIERYITDEAVLHLIKQYLFCDISFEGKISRKTQGIVQGNAISPILSNLYLNDFDKELDESKLCWIRYADNIYIYMDSYEKALLVYSELTERLERRKLTVNKEKSGVFDVSTRSILGYD,0,0.0,CRISPR-associated,240
Med-CasRT,GQYQLQDAYGYCSYPRPQAAKSLLEKSLSDASLHQACQTMYPRQANFDSSDTDEEHHDAIDELLTKLYVSRERIFKREFTPSQLHSVEIEKPEGGTRLLSVPNWHDRTLQKAVTECLGNTLEHIWMKHSYGYRKGHSRLQARDQINQYIQQGYEWVLESDIESFFDSVNWLNLEQRLKLLLPNEPLVPLLMQWVSAAKQTEDEQTLARHNGLPQGAPISPILANLLLDDLDQDMIAKGHQIVRYADDFVLLFKSKAAAESALDDIITALKEHHLAINLEKTRIVEASQGFRYLGYLFVDGYAIETKREYRK,0,0.0,CRISPR-associated,311
ROSE-CRISPR-RT,PLFPRYNGPPLLPQICSVENLTLAWRRVRSNIHVARRGRSAGPDAVTLRDFEADWTRQMAQLADELQQGTYRPLPAKRIAIPKASGGERAIAILSVRDRVAQRAVQQVLDPLFDPCFLDCSYGCRPHVGVPEAVARVQRYADQGLGWVVDADIAGYFDAIDQRVLLGLVRQRIDELPVLKLIAQWLEAGMLPGDAALPDEAPATPLQHGEAVLRQVMSWGAERLPPPPTGPYAAAAWEMPGGSVDDGWTVRRSGLESHLWTAMMLARPAIDGARRALPYLQRIGARRLAVVGAVAVGALALSEAVARMHTAQSRGTPQGGALSPLLANIYLHPFDVAMTSQGFRLARFVDDFVIMCATQDEAERALNFAQQQLRVLRLELNAEKTRIASYANGIEFLGASLAPRAKGQRLGEGLVDFADAERVLRDAMRNARQRVRRKIERGKVEG,0,0.0,CRISPR-associated,446
Er-RT,DTSNLMEQILSSDNLNRAYLQVVRNKGAEGVDGMKYTELKEHLAKNGETIKGQLRTRKYKPQPARRVEIPKPDGGVRNLGVPTVTDRFIQQAIAQVLTPIYEEQFHDHSYGFRPNRCAQQAILTALNIMNDGNDWIVDIDLEKFFDTVNHDKLMTLIGRTIKDGDVISIVRKYLVSGIMIDDEYEDSIVGTPQGGNLSPLLANIMLNELDKEMEKRGLNFVRYADDCIIMVGSEMSANRVMRNISRFIEEKLGLKVNMTKSKVDRPSGLKYLGFGFYFDPRAHQFKAKPHAKSVAKFKKRMKELTCRSWGVSNSYKVEKLNQLIRGWINYFKIGSMKTLCKELDSRIRYRLRMCIWKQWKTPQNQEKNLVKLGIDRNTARRVAYTGKRIAYVCNKGAVNVAISNKRLASFGLISMLDYYIEKCVTC,1,12.5,Group_II_Intron,426
GroupII_CLA-RT,STHCRVSSATHGSHWHLINWRYCHRRVKKLQLRIAKATQEQQWRKVKALQRMLTRSFSAKALAVKRVTENTGRKTPGVDGEIWQHPESKWSAITRLKRSGYHPLPLRRIYIPKANGKFRALGIPTMLDRAMQALYLMALEPLSEITADHHSYGFRPMRSTADAIEQVFNACGKKASAEWILEGDIRGCFDNLSHEWLVSHIPMDRMVLRNWLKSGYCEGMSFYPTKGGTPQGGIISPTLMNMALDGLQSLLERRFPSTTVQGRKAKIHLVRYADDFVITGATAELLRNDVMPIVIDFLGDAANLLI,0,0.0,Group_II_Intron,306
Gs-RT,ALLERILARDNLITALKRVEANQGAPGIDGVSTDQLRDYIRAHWSTIHAQLLAGTYRPAPVRRVEIPKPGGGTRQLGIPTVVDRLIQQAILQELTPIFDPDFSSSSFGFRPGRNAHDAVRQAQGYIQEGYRYVVDMDLEKFFDRVNHDILMSRVARKVKDKRVLKLIRAYLQAGVMIEGVKVQTEEGTPQGGPLSPLLANILLDDLDKELEKRGLKFCRYADDCNIYVKSLRAGQRVKQSIQRFLEKTLKLKVNEEKSAVDRPWKRAFLGFSFTPERKARIRLAPRSIQRLKQRIRQLTNPNWSISMPERIHRVNQYVMGWIGYFRLVETPSVLQTIEGWIRRRLRLCQWLQWKRVRTRIRELRALGLKETAVMEIANTRKGAWRTTKTPQLHQALGKTYWTAQGLKSLTQRYFELRQG,1,1.0,Group_II_Intron,419
LtrA-RT,KPTMAILERISKNSQENIDEVFTRLYRYLLRPDIYYVAYQNLYSNKGASTKGILDDTADGFSEEKIKKIIQSLKDGTYYPQPVRRMYIAKKNSKKMRPLGIPTFTDKLIQEAVRIILESIYEPVFEDVSHGFRPQRSCHTALKTIKREFGGARWFVEGDIKGCFDNIDHVTLIGLINLKIKDMKMSQLIYKFLKAGYLENWQYHKTYSGTPQGGILSPLLANIYLHELDKFVLQLKMKFDRESPERITPEYRELHNEIKRISHRLKKLEGEEKAKVLLEYQEKRKRLPTLPCTSQTNKVLKYVRYADDFIISVKGSKEDCQWIKEQLKLFIHNKLKMELSEEKTLITHSSQPARFLGYDIRVRRSGTIKRSGKVKKRTLNGSVELLIPLQDKIRQFIFDKKIAIQKKDSSWFPVHRKYLIRSTDLEIITIYNSELRGICNYYGLASNFNQLNYFAYLMEYSCLKTIASKHKGTLSKTISMFKDGSGSWGIPYEIKQGKQRRYFANFSECKSPYQFTDEISQAPVLYGYARNTLENRLKAKCCELCGTSDENTSYEIHHVNKVKNLKGKEKWEMAMIAKQRKTLVVCFHCHRHVIHKHK,0,0.0,Group_II_Intron,598
Tel4c-RT,ETRQMTVDQTTGAVTNQTETSWHSINWTKANREVKRLQVRIAKAVKEGRWGKVKALQWLLTHSFYGKALAVKRVTDNSGSRTPGVDGITWSTQEQKTQAIKSLRRRGYKPQPLRRVYIPKANGKQRPLGIPTMKDRAMQALYALALEPVAETTADRNSYGFRRGRCTADAAGQCFLALARAKSAEHVLDADISGCFDNISHEWLLANTPLDKGILRKWLKSGFVWKQQLFPTHAGTPQGGVISPVLANITLDGMEELLAKHLRGQKVNLIRYADDFVVTGKDEETLEKARNLIQEFLKERGLTLSPEKTKIVHIEEGFDFLGWNIRKYNGVLLIKPAKKNVKAFLKKIRDTLRELRTATQEIVIDTLNPIIRGWANYHKGQVSKETFNRVDFATWHKLWRWARRRHPNKPAQWVKDKYFIKNGSRDWVFGMVMKDKNGELRTKRLIKTSDTRIQRHVKIKADANPFLPEWAEYFEKRKKLKKAPAQYRRIRRELWKKQGGICPVCGGEIEQDMLTDIHHILPKHKGGSDDLDNLVLIHANCHKQVHSRDGQHSRSLLKEGL,0,0.0,Group_II_Intron,561
Bel-RT,EKLTSAQVEESPDTCFYLPHHAVIKLDSLTTKCRVVFDGSGKDSSGVSLNDRLHIGPPIQRDLFGVCLRFRQHQYVLCADVEKMFRGIKVFKPHTNFQRIVWRTTENEPLLHFRLLTVTYGLAPSPFLAVRVLKQLADDHGHEYPAAAHALLHDAYVDDIPTGANTFEELMILKDELIALLDKGKFKLRKWSSNSWRLLKSLPEEDRCFEPIQLLNKSAADSPVKVLGIQWNPGKDVLYLNLKGCDATISPTKRELLSQLSRIYDPLGLVAPVTVLLKLIFQESWTSVLQWDDPIPESLRTRWRALVEDLPALTQCQVPRYIASPFRDVQLHGFADASSHAYGAVVYARVAVGCSFQVTLVAAKTRVAPIKPVSIPRLELNAALLLSRLLSIVKTSLTIPLFSTSCWTDSEIVLHWLSAPPRRWNTYVCNRTSEILSDFPRSCWNHVRTEDNPADCASRGLHPS,0,0.0,LTR_Retrotransposon,464
CHLRE,FTVNYILDLFHTINATEVQHTLMHKRPASLHEVLRLAGLLQGYKDFLSLTKQAEAFFQAGDYRSAFNTISKMWVHPQIVPALLLMECFETRELTVPYWYKSIKLRRQYIQKKNGGVRPIIVAHKGLRICMAVINRLLQSCCVSWSNQTFGFRPGFGTHHAVLHLAQKAQQMLNKQQQAVLVTFDLQAAYNSVDIKHLMQTLQLQYLPNDMKKLIWMWQHLPLAQLNAGINGLAQGYAYSPTLFAWYVDQLVGQHMDFTIYADNFAGVFLTQQDAQFAVKEAQTLLQKSGLLIAPSSIKMHLLDKNQHSELNWLGHKVLFPSCTVKLQHHQLLVNQHSPQVWTIQKWDKMLRTLGWVQLALNADWRRF,0,0.0,LTR_Retrotransposon,367
FoxC-RT,NQISKNDSLDVLQDEMGQKKTFESERKSLSGWDYFKSLGSIGRLPHFSRGIELREVKKANRYLAFQEQRIVSAIEAGEIRKAVLVWLCLMKVSRSYQILLFNRVCKGWYWRWSTARVEEIIFGAMNKMRSWDMKLLIHRFYILKKNGKMRPIGAPNYESRMISKALTDMLYSITEKSRSAEQHGYMKKRGAWSAILECLSKLKEGYAGYEFDLKSFFNTVEPFIYFRKLEEVDKKLTKLISNVIKGIEYRFSELLPESELNPKANRKNTLERTGVPQGLSLSPLLSTWALEYYGRPENLIMYADDGIYFFKHNISKFTRWIERMGRAGIEISPEKSGSLTPVFKFCGVTIDQPKRLVTYEGQSVSWDNPELEKWLKSINNLGYTKKEPEWSWTVNGESFITKRKLNLTWMEIVKVYWFRIIHGKMWNGYTVFLASGWRILDIFGSSSWACNELLMEVKRRREELESIKTFGLEKAEYEAFSYAPVRKGSYRRHYNNGAQETANKQEYWEIMQFHNLKRQQLRAIIE,0,0.0,LTR_Retrotransposon,526
Gate-RT,RWRIYQQSCKRIRFHVRERVGKCLRRHQCGKYVVTLPFRDPEHIGCGLGHSRSWALAQFLKNEQRLKKDEALKARYDSVIQEYLDLKHMRQVLPTHDCNAYYMPHHAVLKPESVTTKLRVVFNASSPSSNGTSLNDILHAGPVLQSDLTVQILKWRDFRYVFSADIQKMYRQIWVDPKHTPFQRILFRNNRGEIRDFELKTVTFGVNCAPLLAIRVLQQLAADEELSHPKASNVIRNFMYVDDVLAGADSTEEAQLMVHELRDALNSSSSRQRWLSKRPLQRQVLSQIAKLFDPAGWLAPFIVRAKIFMQEIWLQELGWDENVPNDLFQRWLNFLQSYSVFEQIRIPRWLSFHPDFKVEHHGFCDASQKAYGAAIYVRGEVGSAIMVQLLTAKTRVAPVKTVSLPRLELCGALLLSEMAAAIIPQMPTINSKLYCWTDSTIVLAWLSKPACQWTTFVANRETKIAQATKTENWSHVQSEHNPADLASRGVSLQDLADSQLWWHGPTWLQNPRNQWPTQVNAPV,0,0.0,LTR_Retrotransposon,523
Gypsy-RT,VVATIRTVDNEPVYSRYPSLMGVSDFINKEVKQLLDDGIIRPSRSPYNSPTWVVDKKGTDPYGNPKKRLVIDFRKLNEKTIPDRYPMPSIPMSLASLGKAKYFTTLDLKSGYHQIYLAEHDREKTSFSVSSGKYEFCRLPFGLRNASSIFQRAIDDILREHIGKICFVYVDDVIIFSKNETEHVQHINIVLKCLLDANMRVGPEKTQFFKESIEFLGFIVTKNGATSDPKKVKAIQEFPEPKSVYSVRSFLGLASYYRVFIKDFAAIARPISDILKGENGSVSKHVSKKIPVEFNEVQREAFLRLRNILASEDVMLMYPDFQKPFDLTTDASASGIGAVLSQGNRPITMISRALKQAEQNYATNERELLAIVWALGRLQNFLYGSREINIFTDHQPLTFAVADKNTNSKIKRWKSYIDQHNAKMFYKPGKENLVADALSRQNINALQDELRSDAATVHSELSLTYTVNS,0,0.0,LTR_Retrotransposon,469
Line1-RT,RIKNLTQSRSTTWKLNNLLLNDYWVHNEMKAEIKMFFETNENKDTTYQNLWDAFKAVCRGKFIALNAYKRKQERSKIDTLTSQLKELEKQEQTHSKASRRQEITKIRAELKEIETQKTLQKINESRSWFFERINKIDRPLARLIKKKREKNQIDTIKNDKGDITTDPTEIQTTIREYYKHLYANKLENLEEMDTFLDTYTLPRLNQEEVESLNRPITGSEIVAIINSLPTKKSPGPDGFTAEFYQRYKEELVPFLLKLFQSIEKEGILPNSFYEASIILIPKPGRDTTKKENFRPISLMNIDAKILNKILANRIQQHIKKLIHHDQVGFIPGMQGWFNIRKSINVIQHINRAKDKNHVIISIDAEKAFDKIQQPFMLKTLNKLGIDGMYLKIIRAIYDKPTANIILNGQKLEAFPLKTGTRQGCPLSPLLFNIVLEVLARAIRQEKEIKGIQLGKEEVKLSLFADDMIVYLENPIVSAQNLLKLISNFSKVSGYKINVQKSQAFLYNNNRQTESQIMGELPFTIASKRIKYLGIQLTRDVKDLFKENYKPLLKEIKEDTNKWKNIPCSWVGRINIVKMAILPKVIYRFNAIPIKLPMTFFTELEKTTLKFIWNQKRARIAKSILSQKNKAGGITLPDFKLYYKATVTKTAWYWYQNRDIDQWNRTEPSEIMPHIYNYLIFDKPEKNKQWGKDSLLNKWCWENWLAICRKLKLDPFLTPYTKINSRWIKDLNVKPKTIKTLEENLGITIQDIGVGKDFMSKTPKAMATKDKIDKWDLIKLKSFCTAKETTIRVNRQPTTWEKIFATYSSDKGLISRIYNELKQIY,0,0.0,LTR_Retrotransposon,824
Ngaro-RT,SVLFPPPHSALFASALSVLPPENFLTKKRLIIDLSSPHNSTFSSINSLIESDQFLLNYHDIDQAICLIKSVGRNAWLAKVDISSAFKIMPLHPDFWHLFGINWRSKFYFAVRLTFRCKSSPKIFDMLSEAICWILTNNYGVSHLIHLLDDFLIISLPSEPPARQLAITQKVFANLGIPLAEEKTAGPSTSLEFLGIKLDSKNFQASLPKEKIDRIIFLSSIFLEKQICTKRELLSILGHLNFAMRIIPQGRPFVSHLLQTAASINGLEETIPLSEACRRELSLWISFLKCWNGCSFFYSDLVLAPIDIHLFTDAAPSVGFGGYYQGRWFASPWPSQMLEIPLPSQSSALFELYPLVAATIIWGDEWSASSILIHSDNEAAVQCVNKGRSHFPILMPFIHRLVWTSAKKQFIITAKHVPGFKNQIADSLSRFSFQRFRQLAPEADPHPTPIPPYSEMILP,0,0.0,LTR_Retrotransposon,459
Tf1-RT,ISSSKHTLSQMNKVSNIVKEPELPDIYKEFKDITADTNTEKLPKPIKGLEFEVELTQENYRLPIRNYPLPPGKMQAMNDEINQGLKSGIIRESKAINACPVMFVPKKEGTLRMVVDYKPLNKYVKPNIYPLPLIEQLLAKIQGSTIFTKLDLKSAYHLIRVRKGDEHKLAFRCPRGVFEYLVMPYGISTAPAHFQYFINTILGEAKESHVVCYMDDILIHSKSESEHVKHVKDVLQKLKNANLIINQAKCEFHQSQVKFIGYHISEKGFTPCQENIDKVLQWKQPKNRKELRQFLGSVNYLRKFIPKTSQLTHPLNKLLKKDVRWKWTPTQTQAIENIKQCLVSPPVLRHFDFSKKILLETDASDVAVGAVLSQKHDDDKYYPVGYYSAKMSKAQLNYSVSDKEMLAIIKSLKHWRHYLESTIEPFKILTDHRNLIGRITNESEPENKRLARWQLFLQDFNFEINYRPGSANHIADALSRIVDETEPIPKDSEDNSINFVNQISI,1,34.0,LTR_Retrotransposon,505
Ty1B-RT,NNSSHNIVPIKTPTTVSEQNTEESIIADLPLPDLPPESPTEFPDPFKELPPINSHQTNSSLGGIGDSNAYTTINSKKRSLEDNETEIKVSRDTWNTKNMRSLEPPRSKKRIHLIAAVKAVKSIKPIRTTLRYDEAITYNKDIKEKEKYIEAYHKEVNQLLKMKTWDTDEYYDRKEIDPKRVINSMFIFNKKRDGTHKARFVARGDIQHPDTYDTGMQSNTVHHYALMTSLSLALDNNYYITQLDISSAYLYADIKEELYIRPPPHLGMNDKLIRLKKSHYGLKQSGANWYETIKSYLIKQCGMEEVRGWSCVFKNSQVTICLFVDDMILFSKDLNANKKIITTLKKQYDTKIINLGESDNEIQYDILGLEIKYQRGKYMKLGMENSLTEKIPKLNVPLNPKGRKLSAPGQPGLYIDQDELEIDEDEYKEKVHEMQKLIGLASYVGYKFRFDLLYYINTLAQHILFPSRQVLDMTYELIQFMWDTRDKQLIWHKNKPTEPDNKLVAISDASYGNQPYYKSQIGNIFLLNGKVIGGKSTKASLTCTSTTEAEIHAISESVPLLNNLSYLIQELNKKPIIKGLLTDSRSTISIIKSTNEEKFRNRFFGTKAMRLRDEVSGNNLYVYYIETKKNIADVMTKPLPIKTFKLLTNKWIH,0,0.0,LTR_Retrotransposon,653
Ty3-RT,GPTIQSVEPNATDHSNKDTFCTLPVWLQQKYREIIRNDLPPRPADINNIPVKHDIEIKPGARLPRLQPYHVTEKNEQEINKIVQKLLDNKFIVPSKSPCSSPVVLVPKKDGTFRLCVDYRTLNKATISDPFPLPRIDNLLSRIGNAQIFTTLDLHSGYHQIPMEPKDRYKTAFVTPSGKYEYTVMPFGLVNAPSTFARYMADTFRDLRFVNVYLDDILIFSESPEEHWKHLDTVLERLKNENLIVKKKKCKFASEETEFLGYSIGIQKIAPLQHKCAAIRDFPTPKTVKQAQRFLGMINYYRRFIPNCSKIAQPIQLFICDKSQWTEKQDKAIDKLKDALCNSPVLVPFNNKANYRLTTDASKDGIGAVLEEVDNKNKLVGVVGYFSKSLESAQKNYPAGELELLGIIKALHHFRYMLHGKHFTLRTNHISLLSLQNKNEPARRVQRWLDDLATYDFTLEYLAGPKNVVADAISRAVY,1,9.0,LTR_Retrotransposon,478
Tyrosinerecomb-RT,MNPIPISIPEGPKSDCITKEVQDLLLDDAIEQVLPNHYSKRVFYSNVFTVPKPGTNLHRPVLDLKRLNTYINNQSFKMEGIKNLPSMVKQGYYMVKLDIKKAYLHVLVDPQYRDLFRFVWKGSHYRWKTMPFGLSTAPRIFTMLLRPVLRMLRDINVSVIAYLDDLLIVGSTKEECLSNLKKTMDLLVKLGFKLNLEKSVLEPTQSITFLGLQIDSVSMKLLVPKEKKKSVIKEIRNFLKLDCCSPRKLAGLKGKLIALKDAVIPFRLYTRRTNNFHSQCLTLANGDWDQSFPIPQDVKSEISHWLIVLNQWNGKEISLFPSYDYVLTTDASESGAGATLKKGNKVIKTWSFQWSTTQSNMSSNRREMLALLMAYQALCRKLNSCKLKIQTDNTTTLSYINRQGGQIQDLSVLFEQLWKQCLKKKVNLIGEHIPGFFNVKADHLSRLSEMNHKSSTRVIKSYNWQLKKEVFNRIQLQFGQIQMDLFASHLNHQTTNYSTIRMNTLHLDWSQWKQCLAFPPPILLPSILEKMNSSSSKKVSIILIFPIWRSATWYPMIQAQVPRHHRHMFPQVLGTFQEVLTKQSVESIPIQIQQRWKLGIIQLSNLM,0,0.0,LTR_Retrotransposon,607
Abi-RT,RPLAHVSIKDQTIFTALMMLLANHVETEQGDTSTSFYDVHAKGLINYGNRLHCKYSDNNAIYSWGNSNTYSKFFTDYQRFLERPIHFGREAKRVKTSKEEIYEIHLDFSKFYDSVNRGILTKKISALVEKITGAETDECISHVLSKFRNWKWTEKSKELYTGVCKNKHIETLKDNRGIPQGLVAGGFLANIYMLDFDKAISKLIGQYLDDNETILLIDACRYVDDLRLIIKADKNEVSENKIREVITTRFKSYYDELELILQPQKTKVKKFSSKDGAISSKLAHIQNKISGPMPLHELDEQLGHLEGADRTNRQP,0,0.0,Other,315
CaMV-RT,DHLLLKTQTQTEQVMNVTNPNSIYIKGRLYFKGYKKIELHCFVDTGASLCIASKFVIPEEHWVNAERPIMVKIADGSSITISKVCKDIDLIIAGEIFRIPTVYQQESGIDFIIGNNFCQLYEPFIQFTDRVIFTKNKSYPVHIAKLTRAVRVGTEGFLESMKKRSKTQQPEPVNISTNKIENPLEEIAILSEGRRLSEEKLFITQQRMQKIEELLEKVCSENPLDPNKTKQWMKASIKLSDPSKAIKVKPMKYSPMDREEFDKQIKELLDLKVIKPSKSPHMAPAFLVNNEAEKRRGKKRMVVNYKAMNKATVGDAYNLPNKDELLTLIRGKKIFSSFDCKSGFWQVLLDQESRPLTAFTCPQGHYEWNVVPFGLKQAPSIFQRHMDEAFRVFRKFCCVYVDDILVFSNNEEDHLLHVAMILQKCNQHGIILSKKKAQLFKKKINFLGLEIDEGTHKPQGHILEHINKFPDTLEDKKQLQRFLGILTYASDYIPKLAQIRKPLQAKLKENVPWRWTKEDTLYMQKVKKNLQGFPPLHHPLPEEKLIIETDASDDYWGGMLKAIKINEGTNTELICRYASGSFKAAEKNYHSNDKETLAVINTIKKFSIYLTPVHFLIRTDNTHFKSFVNLNYKGDSKLGRNIRWQAWLSHYSFDVEHIKGTDNHFADFLSREFNKVNSSGGS,0,0.0,Other,682
DRG2-RT,KRVGLLFERVVAFENLLHATRQAARGKKSQLRVAHFLFHQEKECLRLQTELKQGIWQPSGFRVFEIREPKPRRISAADFQDRVVQHALCNILGPLCERRLIFDTWACRRGKGSHLAMKRAQAFSRRFPYFLKCDIRRYFDSVDHTILKRLLWRLIKDKPVLNLLDRIIDHPLPGALPGKGLPIGNLTSQHFANLYLGELDHQLKDRMGVKAYLRYMDDMLIFADDKSRLHELVTGIEDFVKQHLQLSLRPSATLVAPVSEGVPFLGFRIFPGLVRVNGQALRRFRHRLRLHEKAYQTGKMDVESLTASVQSMIAHLQHADTHRLRQSLLSSSCALG,0,0.0,Other,336
Drg-RT,GKRHRNLIDQITTWENLLDAYRKTSHGKRRTWGYLEFKEYDLANLLALQAELKAGNYERGPYREFLVYEPKPRLISALEFKDRLVQHALCNIVAPIFEAGLLPYTYACRPDKGTHAGVCHVQAELRRTRATHFLKSDFSKFFPSIDRAALYAMIDKKIHCAATRRLLRVVLPDEGVGIPIGSLTSQLFANVYGGAVDRLLHDELKQRHWARYMDDIVVLGDDPEELRAVFYRLRDFASERLGLKISHWQVAPVSRGINFLGYRIWPTHKLLRKSSVKRAKRKVANFIKHGEDESLQRFLASWSGHAQWADTHNLFTWMEEQYGIACH,0,0.0,Other,327
TCDM_11122-RT,FFHLSYLCISEPQNNNESAATSTSGSSLSSSSESQDKNEAATTSGLVAHLHSPLDAPFNRTELLAALRNTPYGKAPGPDEVYSEALRHISSKGLRFLLRCINHSWTTGTIPVEWRRATIVPLLKPGKSPELLESYRPISLTSIVSKVAEKMVLKRLLWVWTPHPHQYAYRSMRTTTMQLAHLIHEVEHNRNHYFQVSLPKKSGIGNQLHYRPHRTLLVLVDFSKAFDSIDHRVLSRLLANIPGVNCRRWLRNFLCGRYAKTRVGHRHSDRRPMLRGVPQGSVLGPYLFSLYVHPLLNLLNSFAGVTADMYADDLSIIVKGQSREDAIPTANMVLQKLHAWSQENGLAINPSKCEAAWFTLSTHTESDYDREGRWPLVVAGCQIPVMTMGASRTTKLLGMDLDPRLTLNVAATKQCAATSQRISQLRSIAHKEAGPSPHDLRTFVIGYGASKLRYGSELIWAVATDSAKNEMQKTYATLARIVSGVPSTVDPESALLEANMPPLHVLCLRARLSIFENTRACQMDWMRRPPPEPPPRAGFRISPLSRDELYAFVDAYTKDYGITESSPREERFFRSSIPPWYAASAHRVTIGVELPIDHSITDEEELIR,0,0.0,Other,608
Ec48-RT,GRPYVTLNLNGMFMDKFKPYSKSNAPITTLEKLSKALSISVEELKAIAELSLDEKYTLKEIPKIDGSKRIVYSLHPKMRLLQSRINKRIFKELVVFPSFLFGSVPSKNDVLNSNVKRDYVSCAKAHCGAKTVLKVDISNFFDNIHRDLVRSVFEEILHIKDEALEYLVDICTKDDFVVQGALTSSYIATLCLFAVEGDVVRRAQRKGLVYTRLVDDITVSSKISNYDFSQMQSHIERMLSEHDLPINKHKTKIFHCSSEPIKVHGLRVDYDSPRLPSDEVKRIRASIHNLKLLAAKNNTKTSVAYRKEFNRCMGRVNKLGRVGHEKYESFKKQLQAIKPMPSKRDVAVIDAAIKSLELSYSKGNQNKHWYKRKYDLTRYKMIILTRSESFKEKLECFKSRLASLKPL,1,1.5,Retron,407
Ec67-RT,MTKTSKLDALRAATSREDLAKILDIKLVFLTNVLYRIGSDNQYTQFTIPKKGKGVRTISAPTDRLKDIQRRICDLLSDCRDEIFAIRKISNNYSFGFERGKSIILNAYKHRGKQIILNIDLKDFFESFNFGRVRGYFLSNQDFLLNPVVATTLAKAACYNGTLPQGSPCSPIISNLICNIMDMRLAKLAKKYGCTYSRYADDITISTNKNTFPLEMATVQPEGVVLGKVLVKEIENSGFEINDSKTRLTYKTSRQEVTGLTVNRIVNIDRCYYKKTRALAHALYRTGEYKVPDENGVLVSGGLDKLEGMFGFIDQVDKFNNIKKKLNKQPDRYVLTNATLHGFKLKLNAREKAYSKFIYYKFFHGNTCPTIITEGKTDRIYLKAALHSLETSYPELFREKTDSKKKEINLNIFKSNEKTKYFLDLSGGTADLKKFVERYKNNYASYYGSVPKQPVIMVLDNDTGPSDLLNFLRNKVKSCPDDVTEMRKMKYIHVFYNLYIVLTPLSPSGEQTSMEDLFPKDILDIKIDGKKFNKNNDGDSKTEYGKHIFSMRVVRDKKRKIDFKAFCCIFDAIKDIKEHYKLMLNS,0,0.0,Retron,586
Mx65-RT,SWFDTTLSRLKGLFSRPVTRSTTGLDVPLDAHGRPQDVVTETVSTSGPLKPGHLRQVRRDARLLPKGVRRYTPGRKKWMEAAEARRLFSATLRTRNRNLRDLLPDEAQLARYGLPVWRTEEDVAAALGVSVGVLRHYSIHRPRERVRHYVTFAVPKRSGGVRLLHAPKRRLKALQRRMLALLVSKLPVSPQAHGFVPGRSIKTGAAPHVGRRVVLKLDLKDFFPSVTFARVRGLLIALGYGYPVAATLAVLMTESERQPVELEGILFHVPVGPRVCVQGAPTSPALCNAVLLRLDRRLAGLARRYGYTYTRYADDLTFSGDDVTALERVRALAARYVQEEGFEVNREKTRVQRRGGAQRVTGVTVNTTLGLSREERPRLRAMLHQEARSEDVEAHRAHLDGLLAYVKMLNPEQAERLARRRKPRGT,0,0.0,Retron,426
Ne144-RT,AGQPTSREALYERIRSTSKEEVILEEMIRLGFWPAQGAVPHDPAEEIRRRGELERQLSELREKSRKLYNEKALIAEQRKQRLAESRRKQKETKARRERERQERAQKWAQRKAGEILFLGEDVSGGMSHKTCDAELIKREGVPAIASAEELARAMGIALKELRFLAYNRKVSRVTHYRRFLLPKKTGGLRLISAPMPRLKRAQAWALEHIFNKLSFEPAAHGFVAGRSIVSNARPHVGADVVVNLDLKDFFPTVSFPRVKGALRHLGYSESVATALALVCTEPEVDEVGLDGTTWYVARGERFLPQGSPCSPAITNLLCRRLDRRLHGLAQALGFVYTRYADDLTFSGRGEAAESKRVGKLLRGAADIVAHEGFVVHPDKTRVMRRGRRQEVTGVVVNDKTSVPRDELRKFRATLYQIEKDGPADKRWGNGGDVLAAVHGYACFVAMVDPSRGQPLLARARALLAKHGGPSKPPGGSGPRAPTPVQPTANAPEAPKPVAPATPAAPAKKGWKLF,1,0.5,Retron,513
Retron86-RT,KSAEYLNTFRLRNLGLPVMNNLHDMSKATRISVETLRLLIYTADFRYRIYTVEKKGPEKRMRTIYQPSRELKALQGWVLRNILDKLSSSPFSIGFEKHQSILNNATPHIGANFILNIDLEDFFPSLTANKVFGVFHSLGYNRLISSVLTKICCYKNLLPQGAPSSPKLANLICSKLDYRIQGYAGSRGLIYTRYADDLTLSAQSMKKVVKARDFLFSIIPSEGLVINSKKTCISGPRSQRKVTGLVISQEKVGIGREKYKEIRAKIHHIFCGKSSEIEHVRGWLSFILSVDSKSHRRLITYISKLEKKYGKNPLNKAKT,0,0.0,Retron,319
Rs-RT,NSQAQSACCAGANQIVEGATLEKVVAPACLQQAWTRVRKNKGGPGGDGVTIEIFAQNAEVELEKLRAETLAGIYRPRKVRHAIVPKPKGGERKLTIPSVVDRILQTATMLSLGQTVDHHFSSASWAYREGRGVDDALADLRRLRNSGLFWTFDADIMQYFDRILHKRLIDDLFIWVDDLRIVRLIQLWLRSFSYWGRGIAQGAPISPLLANLFLHPMDRLLELEGLASVRYADDFVVLCRSKALAQKAQLIVASHLAARGLKLNMSKTRILAPSEAFIFLGQTVEPVWDTQP,1,2.5,Retron,292
SEN1-RT,DILQHISDLLLTKKSEIISFSLTAPYRYKIYKIAKRNSDKKRTIAHPSKELKFIQREITEYLTDKLPVHECAFAYKKGSSIKTNAQVHLHTKYLLKMDFENFFPSITPRLFFSKLRLANIDLTADDKVLLENILFFKSKRNSNLRLSIGAPSSPLISNFVMYFWDIEVQEICSKIGVNYTRYADDLTFSTNNKDVLFDIPDMLENVLPKYSLGRIRINHEKTVFSSKGHNRHVTGITLTNDNKLSIGRERKRKISAMIHHFINGKLSTDECNKLVGLLAFAKNIEPSFYKSMVIKYGSDNIYKLQKQKDK,0,0.0,Retron,310
Sau1-RT,TAKLESHVPAAPPVSAEAPAPTRPDAAKQEARRAHHEALRLRWKAIEEAGGTDAWVRQQLVAKGVAAEEVDFESLSDKQKAAWKEKKKAEATERRAQKRLAWEAWKATHIHHLGVGVHWDEAGGPDKFDVAGREERAKANGLPEGLDSVEALAKALGISVSRLRWFSFHREVDTGTHYQTWEIPKRDGGKRTLTAPKRELKAVQRWVLANVVERLPVHGAAHGFVAGRSILTNALAHQGADVVVKVDMKDFFPSVTWPRVKGLLRKGGLPENLATLLALLSTEAPREVVRFRGETLYVAKGPRALPQGAPTSPALTNALCLRLDKRLSALSKRLGFTYTRYADDLTFSWRRAKKSRQKELPLADAPVALLLARVKGVLEAEGFTLHPDKTRVQRKGSRQRVTGLVVNEAPEGVPGARVPRDVVRRLRAAIHNREQGKPGPTGETLEQLKGLAAFLHMTDAEKGRAFLRRLEALEKRQTA,0,0.0,Retron,479
Thr-RT,KKTTSFNLLWAMKKQLLSLSQKKGSVGRLLRDSPFRRLPAVWKYQVITQPYNPLLEGFGIKLRLPKKTIRQRIEETEKMNKYMEHVLLRIRNAVSKGDYSKAWKIASDNIKHSKCFRMTAFNFVCKGWYYKMAQSEVYKLNRRVQRIIEDEKSNLDYKRVYIPKTNGKLRPLGVPTVEWRIVLHLFNGFFVEILRNKLLTSQHAYVPLKGTMSAWREVIAKIQRYRFVFETDLKGFFNEVSVWKVVELLRETKSVFDNWIVNLSKSIPKFPSKKLLDESKFDMPLNKDSGFYSPNVRSLLTKIWNTDELTKTPKISVPVFKRYNSNITGETEMNTDFISIPLMVEGRVKLHKKKVFYNNIMDSGTPMFRALGEEHLRYLNYGIIPGGFPQGMPMSPFLSILALEKYLSQQDSTSYADDPLFYSNTDFKVVDEPENGVINSPEKSSWVIRNGIWNPKGLKFLGFRLLPNWEWRSETRNGVTAEVNKFIKAIYSNRGISLLKQVTNNLELVKYSDLIVEKNWEFENKEVLSNLSSRKVFGFVMSCMQIDDWSNDHALEDQLKGKLRQMKSVHKKALVSRLPTNLDSSKSIPFLDKVMTKIMKKSID,0,0.0,Retron,604
Vc95-RT,NILTTLREQLLTNNVIMPQEFERLEVRGSHAYKVYSIPKRKAGRRTIAHPSSKLKICQRHLNAILNPLLKVHDSSYAYVKGRSIKDNALVHSHSAYVLKMDFQNFFNSITPTILRQCLIQNDILLSVNELEKLEQLIFWNPSKKRNGKLILSVGSPISPLISNAIMYPFDKIINDICTKHGINYTRYADDITFSTNIKNTLNKLPEIVEQLIIQTYAGRIIINKRKTVFSSKKHNRHVTGITLTNDSKISIGRSRKRYISSLVFKYINKNLDIDEINHMKGMLAFAYNIEPIYIHRLSHKYKVNIVEKILRGSN,1,1.5,Retron,314
Vp96-RT,NLVKRLAHHLGKSEPEVIHFLADAPNKYRVYKIPKRSYGHRVIAQPTRELKLYQKAFLELYSFPVHSSATAYCKGKSIKDNALSHVKNHYLLKTDLENFFNSITPNIFWKSIENDSIATPKFSTSEIALVERLIFWRPSKLQGGKLVLSVGAPSSPTISNFCLYQFDEYLSIICKEQNISYTRYADDLTFSTCDKDVLHTVIPLIQSLLDYFFASELKLNHSKTVFSSKAHNRHVTGITLNNEGKLSLGRERKRYIKHLVHSFKYGKLDNTEIRHLQGMLSFAKHIEPIFIDRLKEKYTDELIKIIYEAGHE,1,8.0,Retron,312
"retronE,coli-RT",GIHGVPAAMKSAEYLNTFRLRNLGLPVMNNLHDMSKATRISVETLRLLIYTADFRYRIYTVEKKGPEKRMRTIYQPSRELKALQGWVLRNILDKLSSSPFSIGFEKHQSILNNATPHIGANFILNIDLEDFFPSLTANKVFGVFHSLGYNRLISSVLTKICCYKNLLPQGAPSSPKLANLICSKLDYRIQGYAGSRGLIYTRYADDLTLSAQSMKKVVKARDFLFSIIPSEGLVINSKKTCISGPRSQRKVTGLVISQEKVGIGREKYKEIRAKIHHIFCGKSSEIEHVRGWLSFILSVDSKSHRRLITYISKLEKKYGKNPLNKAKTSGGSP,0,0.0,Retron,333
ASLV-RT,TVALHLAIPLKWKPDHTPVWIDQWPLPEGKLVALTQLVEKELQLGHIEPSLSCWNTPVFVIRKASGSYRLLHDLRAVNAKLVPFGAVQQGAPVLSALPRGWPLMVLDLKDCFFSIPLAEQDREAFAFTLPSVNNQAPARRFQWKVLPQGMTCSPTICQLVVGQVLEPLRLKHPSLRMLHYMDDLLLAASSHDGLEAAGEEVISTLERAGFTISPDKIQREPGVQYLGYKLGSTYVAPVGLVAEPRIATLWDVQKLVGSLQWLRPALGIPPRLMGPFYEQLRGSDPNEAREWNLDMKMAWREIVQLSTTAALERWDPALPLEGAVARCEQGAIGVLGQGLSTHPRPCLWLFSTQPTKAFTAWLEVLTLLITKLRASAVRTFGKEVDILLLPACFREDLPLPEGILLALKGFAGKIRSSDTPSIFDIARPLHVSLKVRVTDHPVPGPTVFTDASSSTHKGVVVWREGPRWEIKEIADSGASVQQLEARAVAMALLLWPTTPTNVVTDSAFVAKMLLKMGQEGVPSTAAAFILEDALSQRSAMAAVLHVRSHSEVPGFFTEGNDVADSQATFQAY,1,4.5,Retroviral,572
AVIRE-RT,APLEEEYRLFLEAPIQNVTLLEQWKREIPKVWAEINPPGLASTQAPIHVQLLSTALPVRVRQYPITLEAKRSLRETIRKFRAAGILRPVHSPWNTPLLPVRKSGTSEYRMVQDLREVNKRVETIHPTVPNPYTLLSLLPPDRIWYSVLDLKDAFFCIPLAPESQLIFAFEWADAEEGESGQLTWTRLPQGFKNSPTLFDEALNRDLQGFRLDHPSVSLLQYVDDLLIAADTQAACLSATRDLLMTLAELGYRVSGKKAQLCQEEVTYLGFKIHKGSRSLSNSRTQAILQIPVPKTKRQVREFLGTIGYCRLWIPGFAELAQPLYAATRGGNDPLVWGEKEEEAFQSLKLALTQPPALALPSLDKPFQLFVEETSGAAKGVLTQALGPWKRPVAYLSKRLDPVAAGWPRCLRAIAAAALLTREASKLTFGQDIEITSSHNLESLLRSPPDKWLTNARITQYQVLLLDPPRVRFKQTAALNPATLLPETDDTLPIHHCLDTLDSLTSTRPDLTDQPLAQAEATLFTDGSSYIRDGKRYAGAAVVTLDSVIWAEPLPIGTSAQKAELIALTKALEWSKDKSVNIYTDSRYAFATLHVHGMIYRERGLLTAGGKAIKNAPEILALLTAVWLPKRVAVMHCKGHQKDDAPTSTGNRRADEVAREVAIRPLSTQATISDAPDMPDTETPQYSNVEEALG,1,23.0,Retroviral,693
BAEMV-RT,VSLQDEHRLFDIPVTTSLPDVWLQDFPQAWAETGGLGRAKCQAPIIIDLKPTAVPVSIKQYPMSLEAHMGIRQHIIKFLELGVLRPCRSPWNTPLLPVKKPGTQDYRPVQDLREINKRTVDIHPTVPNPYNLLSTLKPDYSWYTVLDLKDAFFCLPLAPQSQELFAFEWKDPERGISGQLTWTRLPQGFKNSPTLFDEALHRDLTDFRTQHPEVTLLQYVDDLLLAAPTKKACTQGTRHLLQELGEKGYRASAKKAQICQTKVTYLGYILSEGKRWLTPGRIETVARIPPPRNPREVREFLGTAGFCRLWIPGFAELAAPLYALTKESTPFTWQTEHQLAFEALKKALLSAPALGLPDTSKPFTLFLDERQGIAKGVLTQKLGPWKRPVAYLSKKLDPVAAGWPPCLRIMAATAMLVKDSAKLTLGQPLTVITPHTLEAIVRQPPDRWITNARLTHYQALLLDTDRVQFGPPVTLNPATLLPVPENQPSPHDCRQVLAETHGTREDLKDQELPDADHTWYTDGSSYLDSGTRRAGAAVVDGHNTIWAQSLPPGTSAQKAELIALTKALELSKGKKANIYTDSRYAFATAHTHGSIYERRGLLTSEGKEIKNKAEIIALLKALFLPQEVAIIHCPGHQKGQDPVAVGNRQADRVARQAAMAEVLTLATEPDNTSHITIEHTYTSEDQEEA,1,16.5,Retroviral,689
BLV-RT,VLDAPPSHIGLEHLPPPPEVPQFPLNLERLQALQDLVHRSLEAGYISPWDGPGNNPVFPVRKPNGAWRFVHDLRVTNALTKPIPALSPGPPDLTAIPTHLPHIICLDLKDAFFQIPVEDRFRSYFAFTLPTPGGLQPHRRFAWRVLPQGFINSPALFERALQEPLRQVSAAFSQSLLVSYMDDILYVSPTEEQRLQCYQTMAAHLRDLGFQVASEKTRQTPSPVPFLGQMVHERMVTYQSLPTLQISSPISLHQLQTVLGDLQWVSRGTPTTRRPLQLLYSSLKGIDDPRAIIHLSPEQQQGIAELRQALSHNARSRYNEQEPLLAYVHLTRAGSTLVLFQKGAQFPLAYFQTPLTDNQASPWGLLLLLGCQYLQAQALSSYAKTILKYYHNLPKTSLDNWIQSSEDPRVQELLQLWPQISSQGIQPPGPWKTLVTRAEVFLTPQFSPEPIPAALCLFSDGAARRGAYCLWKDHLLDFQAVPAPESAQKGELAGLLAGLAAAPPEPLNIWVDSKYLYSLLRTLVLGAWLQPDPVPSYALLYKSLLRHPAIFVGHVRSHSSASHPIASLNNYVDQLLPLETPEQW,0,0.0,Retroviral,584
FENV1-RT,LQDFPQAWAETGGLGRAKCQVPIIIDLKPTAMPVSIRQYPMSKEAHMGIQPHITRFLELGVLRPCRSPWNTPLLPVKKPGTRDYRPVQDLREVNKRTMDIHPTVPNPYNLLSTLSPDRTWYTVLDLKDAFFCLPLAPQSQELFAFEWRDPERGISGQLTWTRLPQGFKNSPTLFDEALHRDLTDFRTQHPEVTLLQYVDDLLLAAPTKEACIRGTKHLLRELGDKGYRASAKKAQICQTKVTYLGYILSEGKRWLTPGRIETVAHIPPPQNPREVREFLGTAGFCRLWIPGFAELAAPLYALTKESAPFTWQEKHQSAFEALKEALLSAPALGLPDTSKPFTLFIDEKQGIAKGVLTQKLGPWKRPVAYLSKKLDPVAAGWPPCLRIMAATAMLVKDSAKLTLGQPLTVITPHALEAIVRQTPDRWITNARLTHYQALLLDTDRIQFGPPVTLNPATLLPAPEDQQSAHDCRQVLAETHGTREDLKDQELPDADHSWYTDGSSYIDSGTRRAGAAVVDGHHIIWAQSLPPGTSAQKAELIALTKALELSEGKKANIYTDSRYAFATAHTHGSIYERRGLLTSEGKEIKNKAEIIALLKALFLPRKVAIIHCPGHQKGQDPIATGNRQADQVARQVAVAETLTLTTKLEETNLTTNKYAYTPEDQEEA,0,0.0,Retroviral,667
GALV-RT,LNLEEEYRLHEKPVPSSIDPSWLQLFPTVWAERAGMGLANQVPPVVVELRSGASPVAVRQYPMSKEAREGIRPHIQKFLDLGVLVPCRSPWNTPLLPVKKPGTNDYRPVQDLREINKRVQDIHPTVPNPYNLLSSLPPSYTWYSVLDLKDAFFCLRLHPNSQPLFAFEWKDPEKGNTGQLTWTRLPQGFKNSPTLFDEALHRDLAPFRALNPQVVLLQYVDDLLVAAPTYEDCKKGTQKLLQELSKLGYRVSAKKAQLCQREVTYLGYLLKEGKRWLTPARKATVMKIPVPTTPRQVREFLGTAGFCRLWIPGFASLAAPLYPLTKESIPFIWTEEHQQAFDHIKKALLSAPALALPDLTKPFTLYIDERAGVARGVLTQTLGPWRRPVAYLSKKLDPVASGWPTCLKAVAAVALLLKDADKLTLGQNVTVIASHSLESIVRQPPDRWMTNARMTHYQSLLLNERVSFAPPAVLNPATLLPVESEATPVHRCSEILAEETGTRRDLEDQPLPGVPTWYTDGSSFITEGKRRAGAPIVDGKRTVWASSLPEGTSAQKAELVALTQALRLAEGKNINIYTDSRYAFATAHIHGAIYKQRGLLTSAGKDIKNKEEILALLEAIHLPRRVAIIHCPGHQRGSNPVATGNRRADEAAKQAALSTRVLAGTTKPQEPIEPAQEK,1,5.5,Retroviral,678
HIVpol+MMLVRNaseH_RT,PISPIETVPVKLKPGMDGPKVKQWPLTEEKIKALVEICTEMEKEGKISKIGPENPYNTPVFAIKKKDSTKWRKLVDFRELNKRTQDFWEVQLGIPHPAGLKKKKSVTVLDVGDAYFSVPLDEDFRKYTAFTIPSINNETPGIRYQYNVLPQGWKGSPAIFQSSMTKILEPFKKQNPDIVIYQYMDDLYVGSDLEIGQHRTKIEELRQHLLRWGLTTPDKKHQKEPPFLWMGYELHPDKWTVQPIVLPEKDSWTVNDIQKLVGKLNWASQIYPGIKVRQLCKLLRGTKALTEVIPLTEEAELELAENREILKEPVHGVYYDPSKDLIAEIQKQGQGQWTYQIYQEPFKNLKTGKYARMRGAHTNDVKQLTEAVQKITTESIVIWGKTPKFKLPIQKETWETWWTEYWQATWIPEWEFVNTPPLVKLVVALNPATLLPLPEEGLQHNCLDILAEAHGTRPDLTDQPLPDADHTWYTDGSSLLQEGQRKAGAAVTTETEVIWAKALPAGTSAQRAELIALTQALKMAEGKKLNVYTDSRYAFATAHIHGEIYRRRGWLTSEGKEIKNKDEILALLKALFLPKRLSIIHCPGHQKGHSAEARGNRMADQAARKAAITETPDTSTLLIEN,0,0.0,Retroviral,625
IPMA-RT,LAAIGAARPIPWKTGDPVWVPQWHLSSEKLEAVIQLVEEQLKLGHIDPSTSPWNTPIFVIKKKSGKWRLLHDLRPINEQMNLFGPVQRGLPVLSALPRGWNLIIIDIKDCFFSIPLCPRDRPRFAFTIPSINSDEPDNRYQWKVLPQGMSNSPTMCQLYVQEALLPVREQFPSLILLLYMDDILLCHKELTMLQKAYPFLLKTLSQWGLQIATEKVQISDTGQFLGSVVSPDKIVPQKVEIRRDHLHTLNNFQKLLGDINWLRPFLKIPSAELRPLFWYLEGDPHISSPRTLTLAANQALQKVEKALQNAQLQAIEDSQPFSLCVFKTAQLPTAVLWQNGPLLWIHPNVSPAKIIDWYPDAIAQLALKGLKAAITHFGRSPYLLIVPYTAAQVQTLAATSNDWAVLVTSFSGKIDNHYPKHPILQFAQNQSVVFPQITVRNPLKNGIVVYTDGSKTGIGAYVANGKVVSKQYNENSPRMVECLVVLEVLKTFLEPLNIVSDSCYVVNAVNLLEGGWSDKPSSRVANIFQQIQLVLLSRSPVYITHVRAHSGLPTSAPWLSGNDLADKATSGGC,0,0.0,Retroviral,573
KORV-RT,MNLEEEYRLHEKPVPPSIDPSWLQLFPMVWAEKAGMGLANQVPPVVVELKSDASPVAVRQYPMSKEAREGIRPHIQRFLDLGILVPCQSPWNTPLLPVKKPGTNDYRPVQDLREVNKRVQDIHPTVPNPYNLLSSLPPSHTWYSVLDLKDAFFCLKLHPNSQPLFAFEWRDPEKGNTGQLTWTRLPQGFKNSPTLFDEALHRDLASFRALNPQVVMLQYVDDLLVAAPTYRDCKEGTRRLLQELSKLGYRVSAKKAQLCREEVTYLGYLLKGGKRWLTPARKATVMKIPTPTTPRQVREFLGTAGFCRLWIPGFASLAAPLYPLTREKVPFTWTEAHQEAFGRIKEALLSAPALALPDLTKPFALYVDEKEGVARGVLTQTLGPWRRPVAYLSKKLDPVASGWPTCLKAIAAVALLLKDADKLTLGQNVLVIAPHNLESIVRQPPDRWMTNARMTHYQSLLLNERVSFAPPAILNPATLLPVESDDTPIHICSEILAEETGTRPDLRDQPLPGVPAWYTDGSSFIMDGRRQAGAAIVDNKRTVWASNLPEGTSAQKAELIALTQALRLAEGKSINIYTDSRYAFATAHVHGAIYKQRGLLTSAGKDIKNKEEILALLEAIHLPKRVAIIHCPGHQRGTDPVATGNRKADEAAKQAAQSTRILTETTKNQEHFEPTRGK,1,26.5,Retroviral,678
MMLV-RT,TLNIEDEYRLHETSKEPDVSLGSTWLSDFPQAWAETGGMGLAVRQAPLIIPLKATSTPVSIKQYPMSQEARLGIKPHIQRLLDQGILVPCQSPWNTPLLPVKKPGTNDYRPVQDLREVNKRVEDIHPTVPNPYNLLSGLPPSHQWYTVLDLKDAFFCLRLHPTSQPLFAFEWRDPEMGISGQLTWTRLPQGFKNSPTLFDEALHRDLADFRIQHPDLILLQYVDDLLLAATSELDCQQGTRALLQTLGNLGYRASAKKAQICQKQVKYLGYLLKEGQRWLTEARKETVMGQPTPKTPRQLREFLGTAGFCRLWIPGFAEMAAPLYPLTKTGTLFNWGPDQQKAYQEIKQALLTAPALGLPDLTKPFELFVDEKQGYAKGVLTQKLGPWRRPVAYLSKKLDPVAAGWPPCLRMVAAIAVLTKDAGKLTMGQPLVILAPHAVEALVKQPPDRWLSNARMTHYQALLLDTDRVQFGPVVALNPATLLPLPEEGLQHNCLDILAEAHGTRPDLTDQPLPDADHTWYTDGSSLLQEGQRKAGAAVTTETEVIWAKALPAGTSAQRAELIALTQALKMAEGKKLNVYTDSRYAFATAHIHGEIYRRRGLLTSEGKEIKNKDEILALLKALFLPKRLSIIHCPGHQKGHSAEARGNRMADQAARKAAITETPDTSTLLIENSSP,1,41.0,Retroviral,677
MMTV-RT,VFTLWGRDIMKDIKVRLMTDSPDDSQDLMIGAIESNLFADQISWKSDQPVWLNQWPLKQEKLQALQQLVTEQLQLGHLEESNSPWNTPVFVIKKKSGKWRLLQDLRAVNATMHDMGALQPGLPSPVAVPKGWEIIIIDLQDCFFNIKLHPEDCKRFAFSVPSPNFKRPYQRFQWKVLPQGMKNSPTLCQKFVDKAILTVRDKYQDSYIVHYMDDILLAHPSRSIVDEILTSMIQALNKHGLVVSTEKIQKYDNLKYLGTHIQGDSVSYQKLQIRTDKLRTLNDFQKLLGNINWIRPFLKLTTGELKPLFEILNGDSNPISTRKLTPEACKALQLMNERLSTARVKRLDLSQPWSLCILKTEYTPTACLWQDGVVEWIHLPHISPKVITPYDIFCTQLIIKGRHRSKELFSKDPDYIVVPYTKVQFDLLLQEKEDWPISLLGFLGEVHFHLPKDPLLTFTLQTAIIFPHMTSTTPLEKGIVIFTDGSANGRSVTYIQGREPIIKENTQNTAQQAEIVAVITAFEEVSQPFNLYTDSKYVTGLFPEIETATLSPRTKIYTELKHLQRLIHKRQEKFYIGHIRGHTGLPGPLAQGNAYADSLTRILT,1,19.0,Retroviral,604
MPMV-RT,MWGRDLLSQMKIMMCSPNDIVTAQMLAQGYSPGKGLGKKENGILHPIPNQGQSNKKGFGNFLTAAIDILAPQQCAEPITWKSDEPVWVDQWPLTNDKLAAAQQLVQEQLEAGHITESSSPWNTPIFVIKKKSGKWRLLQDLRAVNATMVLMGALQPGLPSPVAIPQGYLKIIIDLKDCFFSIPLHPSDQKRFAFSLPSTNFKEPMQRFQWKVLPQGMANSPTLCQKYVATAIHKVRHAWKQMYIIHYMDDILIAGKDGQQVLQCFDQLKQELTAAGLHIAPEKVQLQDPYTYLGFELNGPKITNQKAVIRKDKLQTLNDFQKLLGDINWLRPYLKLTTGDLKPLFDTLKGDSDPNSHRSLSKEALASLEKVETAIAEQFVTHINYSLPLIFLIFNTALTPTGLFWQDNPIMWIHLPASPKKVLLPYYDAIADLIILGRDHSKKYFGIEPSTIIQPYSKSQIDWLMQNTEMWPIACASFVGILDNHYPPNKLIQFCKLHTFVFPQIISKTPLNNALLVFTDGSSTGMAAYTLTDTTIKFQTNLNSAQLVELQALIAVLSAFPNQPLNIYTDSAYLAHSIPLLETVAQIKHISETAKLFLQCQQLIYNRSIPFYIGHVRAHSGLPGPIAQGNQRADLATKIVA,1,7.0,Retroviral,641
PERV-RT,TLQLDDEYRLYSPQVKPDQDIQSWLEQFPQAWAETAGMGLAKQVPPQVIQLKASATPVSVRQYPLSREAREGIWPHVQRLIQQGILVPVQSPWNTPLLPVRKPGTNDYRPVQDLREVNKRVQDIHPTVPNPYNLLSALPPERNWYTVLDLKDAFFCLRLHPTSQPLFAFEWRDPGTGRTGQLTWTRLPQGFKNSPTIFDEALHRDLANFRIQHPQVTLLQYVDDLLLAGATKQDCLEGTKALLLELSDLGYRASAKKAQICRREVTYLGYSLRGGQRWLTEARKKTVVQIPAPTTAKQVREFLGTAGFCRLWIPGFATLAAPLYPLTKEKGEFSWAPEHQKAFDAIKKALLSAPALALPDVTKPFTLYVDERKGVARGVLTQTLGPWRRPVAYLSKKLDPVASGWPVCLKAIAAVAILVKDADKLTLGQNITVIAPHALENIVRQPPDRWMTNARMTHYQSLLLTERVTFAPPAALNPATLLPEETDEPVTHDCHQLLIEETGVRKDLTDIPLTGEVLTWFTDGSSYVVEGKRMAGAAVVDGTHTIWASSLPEGTSAQKAELMALTQALRLAEGKSINIYTDSRYAFATAHVHGAIYKQRGLLTSAGREIKNKEEILSLLEALHLPKRLAIIHCPGHQKAKDLISRGNQMADRVAKQAAQAVNLLPI,1,21.0,Retroviral,667
POL11ERV-RT,ATVEPPKPIPLTWKTEKPVWVNQWPLPKQKLEALHLLANEQLEKGHIEPSFSPWNSPVFVIQKKSGKWRMLTDLRAVNAVIQPMGPLQPGLPSPAMIPKDWPLIIIDLKDCFFTIPLAEQDCEKFAFTIPAINNKEPATRFQWKVLPQGMLNSPTICQTFVGRALQPVREKFSDCYIIHYIDDILCAAETKDKLIDCYTFLQAEVANAGLAIASDKIQTSTPFHYLGMQIENRKIKPQKIEIRKDTLKTLNDFQKLLGDINWIRPTLGIPTYAMSNLFSILRGDSDLNSKRILTPEATKEIKLVEEKIQSAQINRIDPLAPLQLLIFATAHSPTGIIIQNTDLVEWSFLPHSTVKTFTLYLDQIATLIGQTRLRIIKLCGNDPDKIVVPLTKEQVRQAFINSGAWQIGLANFVGIIDNHYPKTKIFQFLKMTTWILPKITRREPLENALTVFTDGSSNGKAAYTGPKERVIKTPYQSAQRAELVAVITVLQDFDQPINIISDSAYVVQATRDVETALIKYSMDDQLNQLFNLLQQTVRKRNFPFYITHIRAHTNLPGPLTKANEEADLLVS,1,1.5,Retroviral,571
RSVSB-RT,RDMIELGVINRDGSLERPLLLFPAVAMVRGSILGRDCLQGLGLRLTNLVGRATVLTVALHLAIPLKWKPDHTPVWIDQWPLPEGKLVALTQLVEKELQLGHIEPSLSCWNTPVFVIRKASGSYRLLHDLRAVNAKLVPFGAVQQGAPVLSALPRGWPLMVLDLKDCFFSIPLAEQDREAFAFTLPSVNNQAPARRFQWKVLPQGMTCSPTICQLVVGQVLEPLRLKHPSLRMLHYMDDLLLAASSHDGLEAAGEEVINTLERAGFTISPDKIQREPGVQYLGYKLGSTYVAPVGLVAEPRIATLWDVQKLVGSLQWLRPALGIPPRLMGPFYEQLRGSDPNEAREWNLDMKMAWREIVQLSTTAALERWDPALPLEGAVVRCEQGAIGVLGQGLSTHPRPCLWLFSTQPTKAFTAWLEVLTLLITKLRASAVRTFGKEVDILLLPACFREDLPLPEGILLALRGFAGKIRSSDTPSIFDIARPLHVSLKVRVTDHPVPGPTVFTDASSSTHKGVVVWREGPRWEIKEIADLGASVQQLEARAVAMALLLWPTTPTNVVTDSAFVAKMLLKMGQEGVPSTAAAFILEDALSQRSAMAAVLHVRSHSEVPGFFTEGNDVADSQATFQA,0,0.0,Retroviral,626
SRV2-RT,MWGRDLLSQMKIMMCSPNDIVTAQMLAQGYSPGKGLGKREDGILQPIPNSGQLDRKGFGNFLATAVDILAPQRYADPITWKSDEPVWVDQWPLTQEKLAAAQQLVQEQLQAGHIIESNSPWNTPIFVIKKKSGKWRLLQDLRAVNATMVLMGALQPGLPSPVAIPQGYFKIVIDLKDCFFTIPLQPVDQKRFAFSLPSTNFKQPMKRYQWKVLPQGMANSPTLCQKYVAAAIEPVRKSWAQMYIIHYMDDILIAGKLGEQVLQCFAQLKQALTTTGLQIAPEKVQLQDPYTYLGFQINGPKITNQKAVIRRDKLQTLNDFQKLLGDINWLRPYLHLTTGDLKPLFDILKGDSNPNSPRSLSEAALASLQKVETAIAEQFVTQIDYTQPLTFLIFNTTLTPTGLFWQNNPVMWVHLPASPKKVLLPYYDAIADLIILGRDNSKKYFGLEPSTIIQPYSKSQIHWLMQNTETWPIACASYAGNIDNHYPPNKLIQFCKLHAVVFPRIISKTPLDNALLVFTDGSSTGIAAYTFEKTTVRFKTSHTSAQLVELQALIAVLSAFPHRALNVYTDSAYLAHSIPLLETVSHIKHISDTAKFFLQCQQLIYNRSIPFYLGHIRAHSGLPGPLSQGNHITDLATKVVA,1,3.5,Retroviral,641
WDSV-RT,VLLPPTYHKQLSCQTKNTLNIDEYLLQFPDQLWASLPTDIGRMLVPPITIKIKDNASLPSIRQYPLPKDKTEGLRPLISSLENQGILIKCHSPCNTPIFPIKKAGRDEYRMIHDLRAINNIVAPLTAVVASPTTVLSNLAPSLHWFTVIDLSNAFFSVPIHKDSQYLFAFTFEGHQYTWTVLPQGFIHSPTLFSQALYQSLHKIKFKISSEICIYMDDVLIASKDRDTNLKDTAVMLQHLASEGHKVSKKKLQLCQQEVVYLGQLLTPEGRKILPDRKVTVSQFQQPTTIRQIRAFLGLVGYCRHWIPEFSIHSKFLEKQLKKDTAEPFQLDDQQVEAFNKLKHAITTAPVLVVPDPAKPFQLYTSHSEHASIAVLTQKHAGRTRPIAFLSSKFDAIESGLPPCLKACASIHRSLTQADSFILGAPLIIYTTHAICTLLQRDRSQLVTASRFSKWEADLLRPELTFVACSAVSPAHLYMQSCENNIPPHDCVLLTHTISRPRPDLSDLPIPDPDMTLFSDGSYTTGRGGAAVVMHRPVTDDFIIIHQQPGGASAQTAELLALAAACHLATDKTVNIYTDSRYAYGVVHDFGHLWMHRGFVTSAGTPIKNHKEIEYLLKQIMKPKQVSVIKIEAHTKGVSMEVRGNAAADEAAKNAVFLVQRVLKKGDALASTDLVMEYSETDEK,0,0.0,Retroviral,684
WMSV-RT,LNLEEEYRLHEKPVPSSIDPSWLQLFPTVWAERAGMGLANQVPPVVVELRSGASPVAVRQYPMSKEAREGIRPHIQRFLDLGVLVPCQSPWNTPLLPVKKPGTNDYRPVQDLREINKRVQDIHPTVPNPYNLLSSLPPSHTWYSVLDLKDAFFCLKLHPNSQPLFAFEWRDPEKGNTGQLTWTRLPQGFKNSPTLFDEALHRDLAPFRALNPQVVLLQYVDDLLVAAPTYRDCKEGTQKLLQELSKLGYRVSAKKAQLCQKEVTYLGYLLKEGKRWLTPARKATVMKIPPPTTPRQVREFLGTAGFCRLWIPGFASLAAPLYPLTKESIPFIWTEEHQKAFDRIKEALLSAPALALPDLTKPFTLYVDERAGVARGVLTQTLGPWRRPVAYLSKKLDPVASGWPTCLKAVAAVALLLKDADKLTLGQNVTVIASHSLESIVRQPPDRWMTNARMTHYQSLLLNERVSFAPPAVLNPATLLPVESEATPVHRCSEILAEETGTRRDLKDQPLPGVPAWYTDGSSFIAEGKRRAGAAIVDGKRTVWASSLPEGTSAQKAELVALTQALRLAEGKDINIYTDSRYAFATAHIHGAIYKQRGLLTSAGKDIKNKEEILALLEAIHLPKRVAIIHCPGHQKGNDPVATGNRRADEAAKQAALSTRVLAETTKPQELI,1,23.5,Retroviral,672
AFY36037.1-RT,MAKNWAMPSATRSGNAIGINQYDLLQPLKYAKRDALLLIDTIIDNSNAQENIVDFFPGDDLLTPIQRRRGLPIGNLTSQFFANIYLNSFDHFVKEKLKAQKYIRYVDDFALFADDHNFLANARLAIEAYLATLRLKIHPVKSQLFETKHGANFLGFRILPNRIRVRTENLRRARRRLKQMQIDYAHGKISQQQVSQRLQSWVAHLNHGNTQRLRRKIFATLVFARE,0,0.0,Unclassified,226
